[{"sticker_id":"","sticker_name":"无","type":"1","sticker_uri":""},{"sticker_id":"","sticker_name":"Powerful","type":"1","sticker_uri":"powerful.png"},{"sticker_id":"","sticker_name":"BOOM","type":"1","sticker_uri":"boom.png"},{"sticker_id":"","sticker_name":"Yo","type":"1","sticker_uri":"yooooo.png"},{"sticker_id":"","sticker_name":"WOWⅠ","type":"1","sticker_uri":"wowI.png"},{"sticker_id":"","sticker_name":"WOWⅡ","type":"1","sticker_uri":"wowII.png"},{"sticker_id":"","sticker_name":"黑怕Ⅰ","type":"1","sticker_uri":"heipa1.png"},{"sticker_id":"","sticker_name":"黑怕Ⅱ","type":"1","sticker_uri":"heipa2.png"},{"sticker_id":"","sticker_name":"问号","type":"1","sticker_uri":"wenhao.png"},{"sticker_id":"","sticker_name":"TGIF","type":"1","sticker_uri":"tgif.png"}]